City,Country,Population,Area,Population Density
New York,USA,8419600,783.8,10742.026027047717
Los Angeles,USA,3980400,1302.0,3057.1428571428573
Chicago,USA,2716000,589.0,4611.205432937181
Houston,USA,2328000,1625.0,1432.6153846153845
Phoenix,USA,1690000,1340.0,1261.1940298507463
